"VARIABLE","Variable","TRANSPORT_MODE","Transport mode","SCENARIO","Scenario","COUNTRY_GROUP","Country group","TIME","Time","Unit Code","Unit","PowerCode Code","PowerCode","Reference Period Code","Reference Period","Value","Flag Codes","Flags"
"VKM","Vehicle-kilometres","TWOWHEELERS","Two- and three-wheelers","CURRENT","Current ambition","EUROPE","Europe","2019","2019",,,"9","Billions",,,2.40999832085202,,
"VKM","Vehicle-kilometres","TWOWHEELERS","Two- and three-wheelers","CURRENT","Current ambition","EUROPE","Europe","2020","2020",,,"9","Billions",,,1.65086184539873,,
"VKM","Vehicle-kilometres","TWOWHEELERS","Two- and three-wheelers","CURRENT","Current ambition","EUROPE","Europe","2022","2022",,,"9","Billions",,,1.21568359194215,,
"VKM","Vehicle-kilometres","TWOWHEELERS","Two- and three-wheelers","CURRENT","Current ambition","EUROPE","Europe","2025","2025",,,"9","Billions",,,2.23776895384236,,
"VKM","Vehicle-kilometres","TWOWHEELERS","Two- and three-wheelers","CURRENT","Current ambition","EUROPE","Europe","2030","2030",,,"9","Billions",,,2.60455966981632,,
"VKM","Vehicle-kilometres","TWOWHEELERS","Two- and three-wheelers","CURRENT","Current ambition","EUROPE","Europe","2040","2040",,,"9","Billions",,,3.87038742957254,,
"VKM","Vehicle-kilometres","TWOWHEELERS","Two- and three-wheelers","CURRENT","Current ambition","EUROPE","Europe","2050","2050",,,"9","Billions",,,5.81335806491584,,
"VKM","Vehicle-kilometres","CARS","Passenger cars","CURRENT","Current ambition","EUROPE","Europe","2019","2019",,,"9","Billions",,,567.365053159684,,
"VKM","Vehicle-kilometres","CARS","Passenger cars","CURRENT","Current ambition","EUROPE","Europe","2020","2020",,,"9","Billions",,,392.132949400678,,
"VKM","Vehicle-kilometres","CARS","Passenger cars","CURRENT","Current ambition","EUROPE","Europe","2022","2022",,,"9","Billions",,,274.5217111195,,
"VKM","Vehicle-kilometres","CARS","Passenger cars","CURRENT","Current ambition","EUROPE","Europe","2025","2025",,,"9","Billions",,,566.887058964478,,
"VKM","Vehicle-kilometres","CARS","Passenger cars","CURRENT","Current ambition","EUROPE","Europe","2030","2030",,,"9","Billions",,,660.093914080873,,
"VKM","Vehicle-kilometres","CARS","Passenger cars","CURRENT","Current ambition","EUROPE","Europe","2040","2040",,,"9","Billions",,,1066.839644601,,
"VKM","Vehicle-kilometres","CARS","Passenger cars","CURRENT","Current ambition","EUROPE","Europe","2050","2050",,,"9","Billions",,,1669.27627384396,,
"VKM","Vehicle-kilometres","BUSES","Buses","CURRENT","Current ambition","EUROPE","Europe","2019","2019",,,"9","Billions",,,8.164352248924,,
"VKM","Vehicle-kilometres","BUSES","Buses","CURRENT","Current ambition","EUROPE","Europe","2020","2020",,,"9","Billions",,,1.69257709537014,,
"VKM","Vehicle-kilometres","BUSES","Buses","CURRENT","Current ambition","EUROPE","Europe","2022","2022",,,"9","Billions",,,3.7828896112594,,
"VKM","Vehicle-kilometres","BUSES","Buses","CURRENT","Current ambition","EUROPE","Europe","2025","2025",,,"9","Billions",,,8.52688289338222,,
"VKM","Vehicle-kilometres","BUSES","Buses","CURRENT","Current ambition","EUROPE","Europe","2030","2030",,,"9","Billions",,,9.50947006071711,,
"VKM","Vehicle-kilometres","BUSES","Buses","CURRENT","Current ambition","EUROPE","Europe","2040","2040",,,"9","Billions",,,13.9431379772674,,
"VKM","Vehicle-kilometres","BUSES","Buses","CURRENT","Current ambition","EUROPE","Europe","2050","2050",,,"9","Billions",,,20.6353825180037,,
"VKM","Vehicle-kilometres","TWOWHEELERS","Two- and three-wheelers","HIGH","High ambition","EUROPE","Europe","2019","2019",,,"9","Billions",,,2.40999838603118,,
"VKM","Vehicle-kilometres","TWOWHEELERS","Two- and three-wheelers","HIGH","High ambition","EUROPE","Europe","2020","2020",,,"9","Billions",,,1.65086584966178,,
"VKM","Vehicle-kilometres","TWOWHEELERS","Two- and three-wheelers","HIGH","High ambition","EUROPE","Europe","2022","2022",,,"9","Billions",,,1.21568664217561,,
"VKM","Vehicle-kilometres","TWOWHEELERS","Two- and three-wheelers","HIGH","High ambition","EUROPE","Europe","2025","2025",,,"9","Billions",,,1.88550186476077,,
"VKM","Vehicle-kilometres","TWOWHEELERS","Two- and three-wheelers","HIGH","High ambition","EUROPE","Europe","2030","2030",,,"9","Billions",,,2.04008356543246,,
"VKM","Vehicle-kilometres","TWOWHEELERS","Two- and three-wheelers","HIGH","High ambition","EUROPE","Europe","2040","2040",,,"9","Billions",,,2.97994660585608,,
"VKM","Vehicle-kilometres","TWOWHEELERS","Two- and three-wheelers","HIGH","High ambition","EUROPE","Europe","2050","2050",,,"9","Billions",,,4.40534111624951,,
"VKM","Vehicle-kilometres","CARS","Passenger cars","HIGH","High ambition","EUROPE","Europe","2019","2019",,,"9","Billions",,,567.365060062825,,
"VKM","Vehicle-kilometres","CARS","Passenger cars","HIGH","High ambition","EUROPE","Europe","2020","2020",,,"9","Billions",,,392.133485112561,,
"VKM","Vehicle-kilometres","CARS","Passenger cars","HIGH","High ambition","EUROPE","Europe","2022","2022",,,"9","Billions",,,274.522079558102,,
"VKM","Vehicle-kilometres","CARS","Passenger cars","HIGH","High ambition","EUROPE","Europe","2025","2025",,,"9","Billions",,,489.701728501002,,
"VKM","Vehicle-kilometres","CARS","Passenger cars","HIGH","High ambition","EUROPE","Europe","2030","2030",,,"9","Billions",,,570.207889207849,,
"VKM","Vehicle-kilometres","CARS","Passenger cars","HIGH","High ambition","EUROPE","Europe","2040","2040",,,"9","Billions",,,978.147408801499,,
"VKM","Vehicle-kilometres","CARS","Passenger cars","HIGH","High ambition","EUROPE","Europe","2050","2050",,,"9","Billions",,,1682.35092515447,,
"VKM","Vehicle-kilometres","BUSES","Buses","HIGH","High ambition","EUROPE","Europe","2019","2019",,,"9","Billions",,,8.1643522808683,,
"VKM","Vehicle-kilometres","BUSES","Buses","HIGH","High ambition","EUROPE","Europe","2020","2020",,,"9","Billions",,,1.69257769232858,,
"VKM","Vehicle-kilometres","BUSES","Buses","HIGH","High ambition","EUROPE","Europe","2022","2022",,,"9","Billions",,,3.78289036451776,,
"VKM","Vehicle-kilometres","BUSES","Buses","HIGH","High ambition","EUROPE","Europe","2025","2025",,,"9","Billions",,,7.4405664493332,,
"VKM","Vehicle-kilometres","BUSES","Buses","HIGH","High ambition","EUROPE","Europe","2030","2030",,,"9","Billions",,,7.50104563531832,,
"VKM","Vehicle-kilometres","BUSES","Buses","HIGH","High ambition","EUROPE","Europe","2040","2040",,,"9","Billions",,,10.634302675064,,
"VKM","Vehicle-kilometres","BUSES","Buses","HIGH","High ambition","EUROPE","Europe","2050","2050",,,"9","Billions",,,15.7100596718162,,
"VKM","Vehicle-kilometres","TWOWHEELERS","Two- and three-wheelers","CURRENT","Current ambition","ENEA","East and Northeast Asia","2019","2019",,,"9","Billions",,,22.8822444706482,,
"VKM","Vehicle-kilometres","TWOWHEELERS","Two- and three-wheelers","CURRENT","Current ambition","ENEA","East and Northeast Asia","2020","2020",,,"9","Billions",,,33.4534222393995,,
"VKM","Vehicle-kilometres","TWOWHEELERS","Two- and three-wheelers","CURRENT","Current ambition","ENEA","East and Northeast Asia","2022","2022",,,"9","Billions",,,12.3590180669485,,
"VKM","Vehicle-kilometres","TWOWHEELERS","Two- and three-wheelers","CURRENT","Current ambition","ENEA","East and Northeast Asia","2025","2025",,,"9","Billions",,,27.6484939558901,,
"VKM","Vehicle-kilometres","TWOWHEELERS","Two- and three-wheelers","CURRENT","Current ambition","ENEA","East and Northeast Asia","2030","2030",,,"9","Billions",,,36.5805527115391,,
"VKM","Vehicle-kilometres","TWOWHEELERS","Two- and three-wheelers","CURRENT","Current ambition","ENEA","East and Northeast Asia","2040","2040",,,"9","Billions",,,55.727782653057,,
"VKM","Vehicle-kilometres","TWOWHEELERS","Two- and three-wheelers","CURRENT","Current ambition","ENEA","East and Northeast Asia","2050","2050",,,"9","Billions",,,88.2001893029746,,
"VKM","Vehicle-kilometres","CARS","Passenger cars","CURRENT","Current ambition","ENEA","East and Northeast Asia","2019","2019",,,"9","Billions",,,158.9034618308,,
"VKM","Vehicle-kilometres","CARS","Passenger cars","CURRENT","Current ambition","ENEA","East and Northeast Asia","2020","2020",,,"9","Billions",,,228.848629570282,,
"VKM","Vehicle-kilometres","CARS","Passenger cars","CURRENT","Current ambition","ENEA","East and Northeast Asia","2022","2022",,,"9","Billions",,,85.967682275611,,
"VKM","Vehicle-kilometres","CARS","Passenger cars","CURRENT","Current ambition","ENEA","East and Northeast Asia","2025","2025",,,"9","Billions",,,190.850018178128,,
"VKM","Vehicle-kilometres","CARS","Passenger cars","CURRENT","Current ambition","ENEA","East and Northeast Asia","2030","2030",,,"9","Billions",,,232.31751425558,,
"VKM","Vehicle-kilometres","CARS","Passenger cars","CURRENT","Current ambition","ENEA","East and Northeast Asia","2040","2040",,,"9","Billions",,,318.521760620317,,
"VKM","Vehicle-kilometres","CARS","Passenger cars","CURRENT","Current ambition","ENEA","East and Northeast Asia","2050","2050",,,"9","Billions",,,459.906555105383,,
"VKM","Vehicle-kilometres","BUSES","Buses","CURRENT","Current ambition","ENEA","East and Northeast Asia","2019","2019",,,"9","Billions",,,32.9531014661368,,
"VKM","Vehicle-kilometres","BUSES","Buses","CURRENT","Current ambition","ENEA","East and Northeast Asia","2020","2020",,,"9","Billions",,,14.9378823479339,,
"VKM","Vehicle-kilometres","BUSES","Buses","CURRENT","Current ambition","ENEA","East and Northeast Asia","2022","2022",,,"9","Billions",,,17.2270122636752,,
"VKM","Vehicle-kilometres","BUSES","Buses","CURRENT","Current ambition","ENEA","East and Northeast Asia","2025","2025",,,"9","Billions",,,42.9594080997902,,
"VKM","Vehicle-kilometres","BUSES","Buses","CURRENT","Current ambition","ENEA","East and Northeast Asia","2030","2030",,,"9","Billions",,,48.8643240557884,,
"VKM","Vehicle-kilometres","BUSES","Buses","CURRENT","Current ambition","ENEA","East and Northeast Asia","2040","2040",,,"9","Billions",,,73.4742882213196,,
"VKM","Vehicle-kilometres","BUSES","Buses","CURRENT","Current ambition","ENEA","East and Northeast Asia","2050","2050",,,"9","Billions",,,98.3920930777792,,
"VKM","Vehicle-kilometres","TWOWHEELERS","Two- and three-wheelers","HIGH","High ambition","ENEA","East and Northeast Asia","2019","2019",,,"9","Billions",,,22.8822444467664,,
"VKM","Vehicle-kilometres","TWOWHEELERS","Two- and three-wheelers","HIGH","High ambition","ENEA","East and Northeast Asia","2020","2020",,,"9","Billions",,,33.4534221424754,,
"VKM","Vehicle-kilometres","TWOWHEELERS","Two- and three-wheelers","HIGH","High ambition","ENEA","East and Northeast Asia","2022","2022",,,"9","Billions",,,12.3590181035325,,
"VKM","Vehicle-kilometres","TWOWHEELERS","Two- and three-wheelers","HIGH","High ambition","ENEA","East and Northeast Asia","2025","2025",,,"9","Billions",,,15.1526556175215,,
"VKM","Vehicle-kilometres","TWOWHEELERS","Two- and three-wheelers","HIGH","High ambition","ENEA","East and Northeast Asia","2030","2030",,,"9","Billions",,,18.4201414199602,,
"VKM","Vehicle-kilometres","TWOWHEELERS","Two- and three-wheelers","HIGH","High ambition","ENEA","East and Northeast Asia","2040","2040",,,"9","Billions",,,33.768668121063,,
"VKM","Vehicle-kilometres","TWOWHEELERS","Two- and three-wheelers","HIGH","High ambition","ENEA","East and Northeast Asia","2050","2050",,,"9","Billions",,,62.9713460324883,,
"VKM","Vehicle-kilometres","CARS","Passenger cars","HIGH","High ambition","ENEA","East and Northeast Asia","2019","2019",,,"9","Billions",,,158.90346050908,,
"VKM","Vehicle-kilometres","CARS","Passenger cars","HIGH","High ambition","ENEA","East and Northeast Asia","2020","2020",,,"9","Billions",,,228.848628349054,,
"VKM","Vehicle-kilometres","CARS","Passenger cars","HIGH","High ambition","ENEA","East and Northeast Asia","2022","2022",,,"9","Billions",,,85.9676820271495,,
"VKM","Vehicle-kilometres","CARS","Passenger cars","HIGH","High ambition","ENEA","East and Northeast Asia","2025","2025",,,"9","Billions",,,125.249383379298,,
"VKM","Vehicle-kilometres","CARS","Passenger cars","HIGH","High ambition","ENEA","East and Northeast Asia","2030","2030",,,"9","Billions",,,144.255556727463,,
"VKM","Vehicle-kilometres","CARS","Passenger cars","HIGH","High ambition","ENEA","East and Northeast Asia","2040","2040",,,"9","Billions",,,218.532912910277,,
"VKM","Vehicle-kilometres","CARS","Passenger cars","HIGH","High ambition","ENEA","East and Northeast Asia","2050","2050",,,"9","Billions",,,372.741194219695,,
"VKM","Vehicle-kilometres","BUSES","Buses","HIGH","High ambition","ENEA","East and Northeast Asia","2019","2019",,,"9","Billions",,,32.9531014693436,,
"VKM","Vehicle-kilometres","BUSES","Buses","HIGH","High ambition","ENEA","East and Northeast Asia","2020","2020",,,"9","Billions",,,14.9378823006417,,
"VKM","Vehicle-kilometres","BUSES","Buses","HIGH","High ambition","ENEA","East and Northeast Asia","2022","2022",,,"9","Billions",,,17.2270129349429,,
"VKM","Vehicle-kilometres","BUSES","Buses","HIGH","High ambition","ENEA","East and Northeast Asia","2025","2025",,,"9","Billions",,,28.340948755847,,
"VKM","Vehicle-kilometres","BUSES","Buses","HIGH","High ambition","ENEA","East and Northeast Asia","2030","2030",,,"9","Billions",,,30.4266626380408,,
"VKM","Vehicle-kilometres","BUSES","Buses","HIGH","High ambition","ENEA","East and Northeast Asia","2040","2040",,,"9","Billions",,,45.3185045624121,,
"VKM","Vehicle-kilometres","BUSES","Buses","HIGH","High ambition","ENEA","East and Northeast Asia","2050","2050",,,"9","Billions",,,66.2757338594258,,
"VKM","Vehicle-kilometres","TWOWHEELERS","Two- and three-wheelers","CURRENT","Current ambition","LAC","Latin America and the Caribbean","2019","2019",,,"9","Billions",,,1.40164503942499,,
"VKM","Vehicle-kilometres","TWOWHEELERS","Two- and three-wheelers","CURRENT","Current ambition","LAC","Latin America and the Caribbean","2020","2020",,,"9","Billions",,,1.16942057546899,,
"VKM","Vehicle-kilometres","TWOWHEELERS","Two- and three-wheelers","CURRENT","Current ambition","LAC","Latin America and the Caribbean","2022","2022",,,"9","Billions",,,0.80631749766665,,
"VKM","Vehicle-kilometres","TWOWHEELERS","Two- and three-wheelers","CURRENT","Current ambition","LAC","Latin America and the Caribbean","2025","2025",,,"9","Billions",,,1.34607883937639,,
"VKM","Vehicle-kilometres","TWOWHEELERS","Two- and three-wheelers","CURRENT","Current ambition","LAC","Latin America and the Caribbean","2030","2030",,,"9","Billions",,,1.33762709898504,,
"VKM","Vehicle-kilometres","TWOWHEELERS","Two- and three-wheelers","CURRENT","Current ambition","LAC","Latin America and the Caribbean","2040","2040",,,"9","Billions",,,1.96822391157985,,
"VKM","Vehicle-kilometres","TWOWHEELERS","Two- and three-wheelers","CURRENT","Current ambition","LAC","Latin America and the Caribbean","2050","2050",,,"9","Billions",,,3.0637979139696,,
"VKM","Vehicle-kilometres","CARS","Passenger cars","CURRENT","Current ambition","LAC","Latin America and the Caribbean","2019","2019",,,"9","Billions",,,334.384139866926,,
"VKM","Vehicle-kilometres","CARS","Passenger cars","CURRENT","Current ambition","LAC","Latin America and the Caribbean","2020","2020",,,"9","Billions",,,278.922804819213,,
"VKM","Vehicle-kilometres","CARS","Passenger cars","CURRENT","Current ambition","LAC","Latin America and the Caribbean","2022","2022",,,"9","Billions",,,186.719756173632,,
"VKM","Vehicle-kilometres","CARS","Passenger cars","CURRENT","Current ambition","LAC","Latin America and the Caribbean","2025","2025",,,"9","Billions",,,329.540110246162,,
"VKM","Vehicle-kilometres","CARS","Passenger cars","CURRENT","Current ambition","LAC","Latin America and the Caribbean","2030","2030",,,"9","Billions",,,320.029463519553,,
"VKM","Vehicle-kilometres","CARS","Passenger cars","CURRENT","Current ambition","LAC","Latin America and the Caribbean","2040","2040",,,"9","Billions",,,442.672849047397,,
"VKM","Vehicle-kilometres","CARS","Passenger cars","CURRENT","Current ambition","LAC","Latin America and the Caribbean","2050","2050",,,"9","Billions",,,661.662689930333,,
"VKM","Vehicle-kilometres","BUSES","Buses","CURRENT","Current ambition","LAC","Latin America and the Caribbean","2019","2019",,,"9","Billions",,,14.5234324006603,,
"VKM","Vehicle-kilometres","BUSES","Buses","CURRENT","Current ambition","LAC","Latin America and the Caribbean","2020","2020",,,"9","Billions",,,2.90316661091897,,
"VKM","Vehicle-kilometres","BUSES","Buses","CURRENT","Current ambition","LAC","Latin America and the Caribbean","2022","2022",,,"9","Billions",,,9.29377848845835,,
"VKM","Vehicle-kilometres","BUSES","Buses","CURRENT","Current ambition","LAC","Latin America and the Caribbean","2025","2025",,,"9","Billions",,,15.0728722530547,,
"VKM","Vehicle-kilometres","BUSES","Buses","CURRENT","Current ambition","LAC","Latin America and the Caribbean","2030","2030",,,"9","Billions",,,16.0962487172067,,
"VKM","Vehicle-kilometres","BUSES","Buses","CURRENT","Current ambition","LAC","Latin America and the Caribbean","2040","2040",,,"9","Billions",,,23.2823809396617,,
"VKM","Vehicle-kilometres","BUSES","Buses","CURRENT","Current ambition","LAC","Latin America and the Caribbean","2050","2050",,,"9","Billions",,,34.1700521408682,,
"VKM","Vehicle-kilometres","TWOWHEELERS","Two- and three-wheelers","HIGH","High ambition","LAC","Latin America and the Caribbean","2019","2019",,,"9","Billions",,,1.40164502378535,,
"VKM","Vehicle-kilometres","TWOWHEELERS","Two- and three-wheelers","HIGH","High ambition","LAC","Latin America and the Caribbean","2020","2020",,,"9","Billions",,,1.16942056324231,,
"VKM","Vehicle-kilometres","TWOWHEELERS","Two- and three-wheelers","HIGH","High ambition","LAC","Latin America and the Caribbean","2022","2022",,,"9","Billions",,,0.80631748225439,,
"VKM","Vehicle-kilometres","TWOWHEELERS","Two- and three-wheelers","HIGH","High ambition","LAC","Latin America and the Caribbean","2025","2025",,,"9","Billions",,,1.38534760947291,,
"VKM","Vehicle-kilometres","TWOWHEELERS","Two- and three-wheelers","HIGH","High ambition","LAC","Latin America and the Caribbean","2030","2030",,,"9","Billions",,,1.29638959491315,,
"VKM","Vehicle-kilometres","TWOWHEELERS","Two- and three-wheelers","HIGH","High ambition","LAC","Latin America and the Caribbean","2040","2040",,,"9","Billions",,,1.94701753228674,,
"VKM","Vehicle-kilometres","TWOWHEELERS","Two- and three-wheelers","HIGH","High ambition","LAC","Latin America and the Caribbean","2050","2050",,,"9","Billions",,,3.02174636844091,,
"VKM","Vehicle-kilometres","CARS","Passenger cars","HIGH","High ambition","LAC","Latin America and the Caribbean","2019","2019",,,"9","Billions",,,334.3841341175,,
"VKM","Vehicle-kilometres","CARS","Passenger cars","HIGH","High ambition","LAC","Latin America and the Caribbean","2020","2020",,,"9","Billions",,,278.922800119972,,
"VKM","Vehicle-kilometres","CARS","Passenger cars","HIGH","High ambition","LAC","Latin America and the Caribbean","2022","2022",,,"9","Billions",,,186.71975053691,,
"VKM","Vehicle-kilometres","CARS","Passenger cars","HIGH","High ambition","LAC","Latin America and the Caribbean","2025","2025",,,"9","Billions",,,348.640643229863,,
"VKM","Vehicle-kilometres","CARS","Passenger cars","HIGH","High ambition","LAC","Latin America and the Caribbean","2030","2030",,,"9","Billions",,,334.677507507838,,
"VKM","Vehicle-kilometres","CARS","Passenger cars","HIGH","High ambition","LAC","Latin America and the Caribbean","2040","2040",,,"9","Billions",,,484.167260214493,,
"VKM","Vehicle-kilometres","CARS","Passenger cars","HIGH","High ambition","LAC","Latin America and the Caribbean","2050","2050",,,"9","Billions",,,750.944556286162,,
"VKM","Vehicle-kilometres","BUSES","Buses","HIGH","High ambition","LAC","Latin America and the Caribbean","2019","2019",,,"9","Billions",,,14.5234323526898,,
"VKM","Vehicle-kilometres","BUSES","Buses","HIGH","High ambition","LAC","Latin America and the Caribbean","2020","2020",,,"9","Billions",,,2.90316660363191,,
"VKM","Vehicle-kilometres","BUSES","Buses","HIGH","High ambition","LAC","Latin America and the Caribbean","2022","2022",,,"9","Billions",,,9.29377844338205,,
"VKM","Vehicle-kilometres","BUSES","Buses","HIGH","High ambition","LAC","Latin America and the Caribbean","2025","2025",,,"9","Billions",,,14.3649597101081,,
"VKM","Vehicle-kilometres","BUSES","Buses","HIGH","High ambition","LAC","Latin America and the Caribbean","2030","2030",,,"9","Billions",,,15.0367055304522,,
"VKM","Vehicle-kilometres","BUSES","Buses","HIGH","High ambition","LAC","Latin America and the Caribbean","2040","2040",,,"9","Billions",,,19.4327179309954,,
"VKM","Vehicle-kilometres","BUSES","Buses","HIGH","High ambition","LAC","Latin America and the Caribbean","2050","2050",,,"9","Billions",,,25.6397684487846,,
"VKM","Vehicle-kilometres","TWOWHEELERS","Two- and three-wheelers","CURRENT","Current ambition","MENA","Middle East and North Africa","2019","2019",,,"9","Billions",,,0.04730477477155,,
"VKM","Vehicle-kilometres","TWOWHEELERS","Two- and three-wheelers","CURRENT","Current ambition","MENA","Middle East and North Africa","2020","2020",,,"9","Billions",,,0.07398851853346,,
"VKM","Vehicle-kilometres","TWOWHEELERS","Two- and three-wheelers","CURRENT","Current ambition","MENA","Middle East and North Africa","2022","2022",,,"9","Billions",,,0.0259593758244,,
"VKM","Vehicle-kilometres","TWOWHEELERS","Two- and three-wheelers","CURRENT","Current ambition","MENA","Middle East and North Africa","2025","2025",,,"9","Billions",,,0.03997405356704,,
"VKM","Vehicle-kilometres","TWOWHEELERS","Two- and three-wheelers","CURRENT","Current ambition","MENA","Middle East and North Africa","2030","2030",,,"9","Billions",,,0.04254836550919,,
"VKM","Vehicle-kilometres","TWOWHEELERS","Two- and three-wheelers","CURRENT","Current ambition","MENA","Middle East and North Africa","2040","2040",,,"9","Billions",,,0.06246880375014,,
"VKM","Vehicle-kilometres","TWOWHEELERS","Two- and three-wheelers","CURRENT","Current ambition","MENA","Middle East and North Africa","2050","2050",,,"9","Billions",,,0.08030391213443,,
"VKM","Vehicle-kilometres","CARS","Passenger cars","CURRENT","Current ambition","MENA","Middle East and North Africa","2019","2019",,,"9","Billions",,,12.7378083642254,,
"VKM","Vehicle-kilometres","CARS","Passenger cars","CURRENT","Current ambition","MENA","Middle East and North Africa","2020","2020",,,"9","Billions",,,20.2302419632793,,
"VKM","Vehicle-kilometres","CARS","Passenger cars","CURRENT","Current ambition","MENA","Middle East and North Africa","2022","2022",,,"9","Billions",,,7.222242169928,,
"VKM","Vehicle-kilometres","CARS","Passenger cars","CURRENT","Current ambition","MENA","Middle East and North Africa","2025","2025",,,"9","Billions",,,11.4018490465886,,
"VKM","Vehicle-kilometres","CARS","Passenger cars","CURRENT","Current ambition","MENA","Middle East and North Africa","2030","2030",,,"9","Billions",,,11.9873735969424,,
"VKM","Vehicle-kilometres","CARS","Passenger cars","CURRENT","Current ambition","MENA","Middle East and North Africa","2040","2040",,,"9","Billions",,,16.4567026314052,,
"VKM","Vehicle-kilometres","CARS","Passenger cars","CURRENT","Current ambition","MENA","Middle East and North Africa","2050","2050",,,"9","Billions",,,20.6572006007691,,
"VKM","Vehicle-kilometres","BUSES","Buses","CURRENT","Current ambition","MENA","Middle East and North Africa","2019","2019",,,"9","Billions",,,2.94161045411744,,
"VKM","Vehicle-kilometres","BUSES","Buses","CURRENT","Current ambition","MENA","Middle East and North Africa","2020","2020",,,"9","Billions",,,0.90134687164869,,
"VKM","Vehicle-kilometres","BUSES","Buses","CURRENT","Current ambition","MENA","Middle East and North Africa","2022","2022",,,"9","Billions",,,1.70349532532491,,
"VKM","Vehicle-kilometres","BUSES","Buses","CURRENT","Current ambition","MENA","Middle East and North Africa","2025","2025",,,"9","Billions",,,2.80275005788953,,
"VKM","Vehicle-kilometres","BUSES","Buses","CURRENT","Current ambition","MENA","Middle East and North Africa","2030","2030",,,"9","Billions",,,2.87727475732465,,
"VKM","Vehicle-kilometres","BUSES","Buses","CURRENT","Current ambition","MENA","Middle East and North Africa","2040","2040",,,"9","Billions",,,4.19791044882419,,
"VKM","Vehicle-kilometres","BUSES","Buses","CURRENT","Current ambition","MENA","Middle East and North Africa","2050","2050",,,"9","Billions",,,6.62443175862671,,
"VKM","Vehicle-kilometres","TWOWHEELERS","Two- and three-wheelers","HIGH","High ambition","MENA","Middle East and North Africa","2019","2019",,,"9","Billions",,,0.04730477484333,,
"VKM","Vehicle-kilometres","TWOWHEELERS","Two- and three-wheelers","HIGH","High ambition","MENA","Middle East and North Africa","2020","2020",,,"9","Billions",,,0.07398851866792,,
"VKM","Vehicle-kilometres","TWOWHEELERS","Two- and three-wheelers","HIGH","High ambition","MENA","Middle East and North Africa","2022","2022",,,"9","Billions",,,0.0259593756794,,
"VKM","Vehicle-kilometres","TWOWHEELERS","Two- and three-wheelers","HIGH","High ambition","MENA","Middle East and North Africa","2025","2025",,,"9","Billions",,,0.03584414745594,,
"VKM","Vehicle-kilometres","TWOWHEELERS","Two- and three-wheelers","HIGH","High ambition","MENA","Middle East and North Africa","2030","2030",,,"9","Billions",,,0.03708436850134,,
"VKM","Vehicle-kilometres","TWOWHEELERS","Two- and three-wheelers","HIGH","High ambition","MENA","Middle East and North Africa","2040","2040",,,"9","Billions",,,0.05318506801373,,
"VKM","Vehicle-kilometres","TWOWHEELERS","Two- and three-wheelers","HIGH","High ambition","MENA","Middle East and North Africa","2050","2050",,,"9","Billions",,,0.07156133197769,,
"VKM","Vehicle-kilometres","CARS","Passenger cars","HIGH","High ambition","MENA","Middle East and North Africa","2019","2019",,,"9","Billions",,,12.7378070436502,,
"VKM","Vehicle-kilometres","CARS","Passenger cars","HIGH","High ambition","MENA","Middle East and North Africa","2020","2020",,,"9","Billions",,,20.2302420096705,,
"VKM","Vehicle-kilometres","CARS","Passenger cars","HIGH","High ambition","MENA","Middle East and North Africa","2022","2022",,,"9","Billions",,,7.2222416675694,,
"VKM","Vehicle-kilometres","CARS","Passenger cars","HIGH","High ambition","MENA","Middle East and North Africa","2025","2025",,,"9","Billions",,,10.5965224832482,,
"VKM","Vehicle-kilometres","CARS","Passenger cars","HIGH","High ambition","MENA","Middle East and North Africa","2030","2030",,,"9","Billions",,,11.0874543107466,,
"VKM","Vehicle-kilometres","CARS","Passenger cars","HIGH","High ambition","MENA","Middle East and North Africa","2040","2040",,,"9","Billions",,,15.1393180564247,,
"VKM","Vehicle-kilometres","CARS","Passenger cars","HIGH","High ambition","MENA","Middle East and North Africa","2050","2050",,,"9","Billions",,,20.182278649143,,
"VKM","Vehicle-kilometres","BUSES","Buses","HIGH","High ambition","MENA","Middle East and North Africa","2019","2019",,,"9","Billions",,,2.94161045485389,,
"VKM","Vehicle-kilometres","BUSES","Buses","HIGH","High ambition","MENA","Middle East and North Africa","2020","2020",,,"9","Billions",,,0.9013468717515,,
"VKM","Vehicle-kilometres","BUSES","Buses","HIGH","High ambition","MENA","Middle East and North Africa","2022","2022",,,"9","Billions",,,1.70349529345273,,
"VKM","Vehicle-kilometres","BUSES","Buses","HIGH","High ambition","MENA","Middle East and North Africa","2025","2025",,,"9","Billions",,,2.65931504238865,,
"VKM","Vehicle-kilometres","BUSES","Buses","HIGH","High ambition","MENA","Middle East and North Africa","2030","2030",,,"9","Billions",,,2.60657911349787,,
"VKM","Vehicle-kilometres","BUSES","Buses","HIGH","High ambition","MENA","Middle East and North Africa","2040","2040",,,"9","Billions",,,3.65288270986674,,
"VKM","Vehicle-kilometres","BUSES","Buses","HIGH","High ambition","MENA","Middle East and North Africa","2050","2050",,,"9","Billions",,,5.72380973867025,,
"VKM","Vehicle-kilometres","TWOWHEELERS","Two- and three-wheelers","CURRENT","Current ambition","SEA","Southeast Asia","2019","2019",,,"9","Billions",,,1.86167722533888,,
"VKM","Vehicle-kilometres","TWOWHEELERS","Two- and three-wheelers","CURRENT","Current ambition","SEA","Southeast Asia","2020","2020",,,"9","Billions",,,1.69806749420523,,
"VKM","Vehicle-kilometres","TWOWHEELERS","Two- and three-wheelers","CURRENT","Current ambition","SEA","Southeast Asia","2022","2022",,,"9","Billions",,,1.22355431744582,,
"VKM","Vehicle-kilometres","TWOWHEELERS","Two- and three-wheelers","CURRENT","Current ambition","SEA","Southeast Asia","2025","2025",,,"9","Billions",,,2.3104719841744,,
"VKM","Vehicle-kilometres","TWOWHEELERS","Two- and three-wheelers","CURRENT","Current ambition","SEA","Southeast Asia","2030","2030",,,"9","Billions",,,2.63414825626367,,
"VKM","Vehicle-kilometres","TWOWHEELERS","Two- and three-wheelers","CURRENT","Current ambition","SEA","Southeast Asia","2040","2040",,,"9","Billions",,,4.32399980029424,,
"VKM","Vehicle-kilometres","TWOWHEELERS","Two- and three-wheelers","CURRENT","Current ambition","SEA","Southeast Asia","2050","2050",,,"9","Billions",,,6.74074609500058,,
"VKM","Vehicle-kilometres","CARS","Passenger cars","CURRENT","Current ambition","SEA","Southeast Asia","2019","2019",,,"9","Billions",,,58.1089268579196,,
"VKM","Vehicle-kilometres","CARS","Passenger cars","CURRENT","Current ambition","SEA","Southeast Asia","2020","2020",,,"9","Billions",,,50.1024481101814,,
"VKM","Vehicle-kilometres","CARS","Passenger cars","CURRENT","Current ambition","SEA","Southeast Asia","2022","2022",,,"9","Billions",,,37.731707383125,,
"VKM","Vehicle-kilometres","CARS","Passenger cars","CURRENT","Current ambition","SEA","Southeast Asia","2025","2025",,,"9","Billions",,,75.7379661661692,,
"VKM","Vehicle-kilometres","CARS","Passenger cars","CURRENT","Current ambition","SEA","Southeast Asia","2030","2030",,,"9","Billions",,,91.0116988669474,,
"VKM","Vehicle-kilometres","CARS","Passenger cars","CURRENT","Current ambition","SEA","Southeast Asia","2040","2040",,,"9","Billions",,,146.724240714553,,
"VKM","Vehicle-kilometres","CARS","Passenger cars","CURRENT","Current ambition","SEA","Southeast Asia","2050","2050",,,"9","Billions",,,218.203308977547,,
"VKM","Vehicle-kilometres","BUSES","Buses","CURRENT","Current ambition","SEA","Southeast Asia","2019","2019",,,"9","Billions",,,2.35869519822319,,
"VKM","Vehicle-kilometres","BUSES","Buses","CURRENT","Current ambition","SEA","Southeast Asia","2020","2020",,,"9","Billions",,,0.46185052296873,,
"VKM","Vehicle-kilometres","BUSES","Buses","CURRENT","Current ambition","SEA","Southeast Asia","2022","2022",,,"9","Billions",,,1.39600787166597,,
"VKM","Vehicle-kilometres","BUSES","Buses","CURRENT","Current ambition","SEA","Southeast Asia","2025","2025",,,"9","Billions",,,2.33051768457983,,
"VKM","Vehicle-kilometres","BUSES","Buses","CURRENT","Current ambition","SEA","Southeast Asia","2030","2030",,,"9","Billions",,,2.11119192422145,,
"VKM","Vehicle-kilometres","BUSES","Buses","CURRENT","Current ambition","SEA","Southeast Asia","2040","2040",,,"9","Billions",,,2.51766126375916,,
"VKM","Vehicle-kilometres","BUSES","Buses","CURRENT","Current ambition","SEA","Southeast Asia","2050","2050",,,"9","Billions",,,3.06686352375053,,
"VKM","Vehicle-kilometres","TWOWHEELERS","Two- and three-wheelers","HIGH","High ambition","SEA","Southeast Asia","2019","2019",,,"9","Billions",,,1.86167722405329,,
"VKM","Vehicle-kilometres","TWOWHEELERS","Two- and three-wheelers","HIGH","High ambition","SEA","Southeast Asia","2020","2020",,,"9","Billions",,,1.69806749274399,,
"VKM","Vehicle-kilometres","TWOWHEELERS","Two- and three-wheelers","HIGH","High ambition","SEA","Southeast Asia","2022","2022",,,"9","Billions",,,1.22355431636208,,
"VKM","Vehicle-kilometres","TWOWHEELERS","Two- and three-wheelers","HIGH","High ambition","SEA","Southeast Asia","2025","2025",,,"9","Billions",,,2.27724866935881,,
"VKM","Vehicle-kilometres","TWOWHEELERS","Two- and three-wheelers","HIGH","High ambition","SEA","Southeast Asia","2030","2030",,,"9","Billions",,,2.61579986258018,,
"VKM","Vehicle-kilometres","TWOWHEELERS","Two- and three-wheelers","HIGH","High ambition","SEA","Southeast Asia","2040","2040",,,"9","Billions",,,3.58078117247234,,
"VKM","Vehicle-kilometres","TWOWHEELERS","Two- and three-wheelers","HIGH","High ambition","SEA","Southeast Asia","2050","2050",,,"9","Billions",,,5.65514788151288,,
"VKM","Vehicle-kilometres","CARS","Passenger cars","HIGH","High ambition","SEA","Southeast Asia","2019","2019",,,"9","Billions",,,58.1089266671004,,
"VKM","Vehicle-kilometres","CARS","Passenger cars","HIGH","High ambition","SEA","Southeast Asia","2020","2020",,,"9","Billions",,,50.102448013044,,
"VKM","Vehicle-kilometres","CARS","Passenger cars","HIGH","High ambition","SEA","Southeast Asia","2022","2022",,,"9","Billions",,,37.7317066164725,,
"VKM","Vehicle-kilometres","CARS","Passenger cars","HIGH","High ambition","SEA","Southeast Asia","2025","2025",,,"9","Billions",,,76.2312072754554,,
"VKM","Vehicle-kilometres","CARS","Passenger cars","HIGH","High ambition","SEA","Southeast Asia","2030","2030",,,"9","Billions",,,93.1920242176831,,
"VKM","Vehicle-kilometres","CARS","Passenger cars","HIGH","High ambition","SEA","Southeast Asia","2040","2040",,,"9","Billions",,,126.465778686718,,
"VKM","Vehicle-kilometres","CARS","Passenger cars","HIGH","High ambition","SEA","Southeast Asia","2050","2050",,,"9","Billions",,,199.150045196233,,
"VKM","Vehicle-kilometres","BUSES","Buses","HIGH","High ambition","SEA","Southeast Asia","2019","2019",,,"9","Billions",,,2.35869519672975,,
"VKM","Vehicle-kilometres","BUSES","Buses","HIGH","High ambition","SEA","Southeast Asia","2020","2020",,,"9","Billions",,,0.46185052261041,,
"VKM","Vehicle-kilometres","BUSES","Buses","HIGH","High ambition","SEA","Southeast Asia","2022","2022",,,"9","Billions",,,1.39600786988333,,
"VKM","Vehicle-kilometres","BUSES","Buses","HIGH","High ambition","SEA","Southeast Asia","2025","2025",,,"9","Billions",,,2.25663224754353,,
"VKM","Vehicle-kilometres","BUSES","Buses","HIGH","High ambition","SEA","Southeast Asia","2030","2030",,,"9","Billions",,,2.02739688369404,,
"VKM","Vehicle-kilometres","BUSES","Buses","HIGH","High ambition","SEA","Southeast Asia","2040","2040",,,"9","Billions",,,1.88810988083505,,
"VKM","Vehicle-kilometres","BUSES","Buses","HIGH","High ambition","SEA","Southeast Asia","2050","2050",,,"9","Billions",,,2.09969292712347,,
"VKM","Vehicle-kilometres","TWOWHEELERS","Two- and three-wheelers","CURRENT","Current ambition","SSA","Sub-Saharan Africa","2019","2019",,,"9","Billions",,,0.08760673594728,,
"VKM","Vehicle-kilometres","TWOWHEELERS","Two- and three-wheelers","CURRENT","Current ambition","SSA","Sub-Saharan Africa","2020","2020",,,"9","Billions",,,0.10763042805244,,
"VKM","Vehicle-kilometres","TWOWHEELERS","Two- and three-wheelers","CURRENT","Current ambition","SSA","Sub-Saharan Africa","2022","2022",,,"9","Billions",,,0.05418846267973,,
"VKM","Vehicle-kilometres","TWOWHEELERS","Two- and three-wheelers","CURRENT","Current ambition","SSA","Sub-Saharan Africa","2025","2025",,,"9","Billions",,,0.08557246870385,,
"VKM","Vehicle-kilometres","TWOWHEELERS","Two- and three-wheelers","CURRENT","Current ambition","SSA","Sub-Saharan Africa","2030","2030",,,"9","Billions",,,0.07887754942481,,
"VKM","Vehicle-kilometres","TWOWHEELERS","Two- and three-wheelers","CURRENT","Current ambition","SSA","Sub-Saharan Africa","2040","2040",,,"9","Billions",,,0.12107740015831,,
"VKM","Vehicle-kilometres","TWOWHEELERS","Two- and three-wheelers","CURRENT","Current ambition","SSA","Sub-Saharan Africa","2050","2050",,,"9","Billions",,,0.20695423506054,,
"VKM","Vehicle-kilometres","CARS","Passenger cars","CURRENT","Current ambition","SSA","Sub-Saharan Africa","2019","2019",,,"9","Billions",,,22.3988299980024,,
"VKM","Vehicle-kilometres","CARS","Passenger cars","CURRENT","Current ambition","SSA","Sub-Saharan Africa","2020","2020",,,"9","Billions",,,29.600718084495,,
"VKM","Vehicle-kilometres","CARS","Passenger cars","CURRENT","Current ambition","SSA","Sub-Saharan Africa","2022","2022",,,"9","Billions",,,13.5270262420739,,
"VKM","Vehicle-kilometres","CARS","Passenger cars","CURRENT","Current ambition","SSA","Sub-Saharan Africa","2025","2025",,,"9","Billions",,,21.9530858041493,,
"VKM","Vehicle-kilometres","CARS","Passenger cars","CURRENT","Current ambition","SSA","Sub-Saharan Africa","2030","2030",,,"9","Billions",,,20.4157667188753,,
"VKM","Vehicle-kilometres","CARS","Passenger cars","CURRENT","Current ambition","SSA","Sub-Saharan Africa","2040","2040",,,"9","Billions",,,31.1696066204651,,
"VKM","Vehicle-kilometres","CARS","Passenger cars","CURRENT","Current ambition","SSA","Sub-Saharan Africa","2050","2050",,,"9","Billions",,,53.2851079537685,,
"VKM","Vehicle-kilometres","BUSES","Buses","CURRENT","Current ambition","SSA","Sub-Saharan Africa","2019","2019",,,"9","Billions",,,6.44124709518764,,
"VKM","Vehicle-kilometres","BUSES","Buses","CURRENT","Current ambition","SSA","Sub-Saharan Africa","2020","2020",,,"9","Billions",,,1.75209618689721,,
"VKM","Vehicle-kilometres","BUSES","Buses","CURRENT","Current ambition","SSA","Sub-Saharan Africa","2022","2022",,,"9","Billions",,,3.46662468958956,,
"VKM","Vehicle-kilometres","BUSES","Buses","CURRENT","Current ambition","SSA","Sub-Saharan Africa","2025","2025",,,"9","Billions",,,5.43787625273575,,
"VKM","Vehicle-kilometres","BUSES","Buses","CURRENT","Current ambition","SSA","Sub-Saharan Africa","2030","2030",,,"9","Billions",,,5.19183070510755,,
"VKM","Vehicle-kilometres","BUSES","Buses","CURRENT","Current ambition","SSA","Sub-Saharan Africa","2040","2040",,,"9","Billions",,,6.96650199168402,,
"VKM","Vehicle-kilometres","BUSES","Buses","CURRENT","Current ambition","SSA","Sub-Saharan Africa","2050","2050",,,"9","Billions",,,9.41235104983861,,
"VKM","Vehicle-kilometres","TWOWHEELERS","Two- and three-wheelers","HIGH","High ambition","SSA","Sub-Saharan Africa","2019","2019",,,"9","Billions",,,0.08760673594728,,
"VKM","Vehicle-kilometres","TWOWHEELERS","Two- and three-wheelers","HIGH","High ambition","SSA","Sub-Saharan Africa","2020","2020",,,"9","Billions",,,0.10763042805279,,
"VKM","Vehicle-kilometres","TWOWHEELERS","Two- and three-wheelers","HIGH","High ambition","SSA","Sub-Saharan Africa","2022","2022",,,"9","Billions",,,0.05418856954506,,
"VKM","Vehicle-kilometres","TWOWHEELERS","Two- and three-wheelers","HIGH","High ambition","SSA","Sub-Saharan Africa","2025","2025",,,"9","Billions",,,0.07918927404042,,
"VKM","Vehicle-kilometres","TWOWHEELERS","Two- and three-wheelers","HIGH","High ambition","SSA","Sub-Saharan Africa","2030","2030",,,"9","Billions",,,0.07324153495249,,
"VKM","Vehicle-kilometres","TWOWHEELERS","Two- and three-wheelers","HIGH","High ambition","SSA","Sub-Saharan Africa","2040","2040",,,"9","Billions",,,0.09828120133037,,
"VKM","Vehicle-kilometres","TWOWHEELERS","Two- and three-wheelers","HIGH","High ambition","SSA","Sub-Saharan Africa","2050","2050",,,"9","Billions",,,0.15600487372892,,
"VKM","Vehicle-kilometres","CARS","Passenger cars","HIGH","High ambition","SSA","Sub-Saharan Africa","2019","2019",,,"9","Billions",,,22.3988299980044,,
"VKM","Vehicle-kilometres","CARS","Passenger cars","HIGH","High ambition","SSA","Sub-Saharan Africa","2020","2020",,,"9","Billions",,,29.6007180845222,,
"VKM","Vehicle-kilometres","CARS","Passenger cars","HIGH","High ambition","SSA","Sub-Saharan Africa","2022","2022",,,"9","Billions",,,13.5270380243096,,
"VKM","Vehicle-kilometres","CARS","Passenger cars","HIGH","High ambition","SSA","Sub-Saharan Africa","2025","2025",,,"9","Billions",,,20.3324641122797,,
"VKM","Vehicle-kilometres","CARS","Passenger cars","HIGH","High ambition","SSA","Sub-Saharan Africa","2030","2030",,,"9","Billions",,,19.1623269678382,,
"VKM","Vehicle-kilometres","CARS","Passenger cars","HIGH","High ambition","SSA","Sub-Saharan Africa","2040","2040",,,"9","Billions",,,26.5863639576812,,
"VKM","Vehicle-kilometres","CARS","Passenger cars","HIGH","High ambition","SSA","Sub-Saharan Africa","2050","2050",,,"9","Billions",,,42.6909442911026,,
"VKM","Vehicle-kilometres","BUSES","Buses","HIGH","High ambition","SSA","Sub-Saharan Africa","2019","2019",,,"9","Billions",,,6.44124709516082,,
"VKM","Vehicle-kilometres","BUSES","Buses","HIGH","High ambition","SSA","Sub-Saharan Africa","2020","2020",,,"9","Billions",,,1.75209618689368,,
"VKM","Vehicle-kilometres","BUSES","Buses","HIGH","High ambition","SSA","Sub-Saharan Africa","2022","2022",,,"9","Billions",,,3.46662563858909,,
"VKM","Vehicle-kilometres","BUSES","Buses","HIGH","High ambition","SSA","Sub-Saharan Africa","2025","2025",,,"9","Billions",,,3.97292781146152,,
"VKM","Vehicle-kilometres","BUSES","Buses","HIGH","High ambition","SSA","Sub-Saharan Africa","2030","2030",,,"9","Billions",,,3.7848763980451,,
"VKM","Vehicle-kilometres","BUSES","Buses","HIGH","High ambition","SSA","Sub-Saharan Africa","2040","2040",,,"9","Billions",,,4.07664298983179,,
"VKM","Vehicle-kilometres","BUSES","Buses","HIGH","High ambition","SSA","Sub-Saharan Africa","2050","2050",,,"9","Billions",,,4.7268403021956,,
"VKM","Vehicle-kilometres","TWOWHEELERS","Two- and three-wheelers","CURRENT","Current ambition","SSWA","South and Southwest Asia","2019","2019",,,"9","Billions",,,0.15050942490051,,
"VKM","Vehicle-kilometres","TWOWHEELERS","Two- and three-wheelers","CURRENT","Current ambition","SSWA","South and Southwest Asia","2020","2020",,,"9","Billions",,,0.2007707275917,,
"VKM","Vehicle-kilometres","TWOWHEELERS","Two- and three-wheelers","CURRENT","Current ambition","SSWA","South and Southwest Asia","2022","2022",,,"9","Billions",,,0.11880544955668,,
"VKM","Vehicle-kilometres","TWOWHEELERS","Two- and three-wheelers","CURRENT","Current ambition","SSWA","South and Southwest Asia","2025","2025",,,"9","Billions",,,0.18631332051202,,
"VKM","Vehicle-kilometres","TWOWHEELERS","Two- and three-wheelers","CURRENT","Current ambition","SSWA","South and Southwest Asia","2030","2030",,,"9","Billions",,,0.34203736556001,,
"VKM","Vehicle-kilometres","TWOWHEELERS","Two- and three-wheelers","CURRENT","Current ambition","SSWA","South and Southwest Asia","2040","2040",,,"9","Billions",,,0.5014293324279,,
"VKM","Vehicle-kilometres","TWOWHEELERS","Two- and three-wheelers","CURRENT","Current ambition","SSWA","South and Southwest Asia","2050","2050",,,"9","Billions",,,0.54653851711256,,
"VKM","Vehicle-kilometres","CARS","Passenger cars","CURRENT","Current ambition","SSWA","South and Southwest Asia","2019","2019",,,"9","Billions",,,23.8029190530366,,
"VKM","Vehicle-kilometres","CARS","Passenger cars","CURRENT","Current ambition","SSWA","South and Southwest Asia","2020","2020",,,"9","Billions",,,30.3236172770779,,
"VKM","Vehicle-kilometres","CARS","Passenger cars","CURRENT","Current ambition","SSWA","South and Southwest Asia","2022","2022",,,"9","Billions",,,18.8038498015326,,
"VKM","Vehicle-kilometres","CARS","Passenger cars","CURRENT","Current ambition","SSWA","South and Southwest Asia","2025","2025",,,"9","Billions",,,32.2337797965631,,
"VKM","Vehicle-kilometres","CARS","Passenger cars","CURRENT","Current ambition","SSWA","South and Southwest Asia","2030","2030",,,"9","Billions",,,53.5691662537998,,
"VKM","Vehicle-kilometres","CARS","Passenger cars","CURRENT","Current ambition","SSWA","South and Southwest Asia","2040","2040",,,"9","Billions",,,78.9001154704284,,
"VKM","Vehicle-kilometres","CARS","Passenger cars","CURRENT","Current ambition","SSWA","South and Southwest Asia","2050","2050",,,"9","Billions",,,91.9562593743235,,
"VKM","Vehicle-kilometres","BUSES","Buses","CURRENT","Current ambition","SSWA","South and Southwest Asia","2019","2019",,,"9","Billions",,,9.19973731019831,,
"VKM","Vehicle-kilometres","BUSES","Buses","CURRENT","Current ambition","SSWA","South and Southwest Asia","2020","2020",,,"9","Billions",,,3.29980096518505,,
"VKM","Vehicle-kilometres","BUSES","Buses","CURRENT","Current ambition","SSWA","South and Southwest Asia","2022","2022",,,"9","Billions",,,5.59697034353688,,
"VKM","Vehicle-kilometres","BUSES","Buses","CURRENT","Current ambition","SSWA","South and Southwest Asia","2025","2025",,,"9","Billions",,,9.10398816680672,,
"VKM","Vehicle-kilometres","BUSES","Buses","CURRENT","Current ambition","SSWA","South and Southwest Asia","2030","2030",,,"9","Billions",,,9.34032281302153,,
"VKM","Vehicle-kilometres","BUSES","Buses","CURRENT","Current ambition","SSWA","South and Southwest Asia","2040","2040",,,"9","Billions",,,9.59977537059415,,
"VKM","Vehicle-kilometres","BUSES","Buses","CURRENT","Current ambition","SSWA","South and Southwest Asia","2050","2050",,,"9","Billions",,,10.3194749054257,,
"VKM","Vehicle-kilometres","TWOWHEELERS","Two- and three-wheelers","HIGH","High ambition","SSWA","South and Southwest Asia","2019","2019",,,"9","Billions",,,0.15050942384002,,
"VKM","Vehicle-kilometres","TWOWHEELERS","Two- and three-wheelers","HIGH","High ambition","SSWA","South and Southwest Asia","2020","2020",,,"9","Billions",,,0.20077072680312,,
"VKM","Vehicle-kilometres","TWOWHEELERS","Two- and three-wheelers","HIGH","High ambition","SSWA","South and Southwest Asia","2022","2022",,,"9","Billions",,,0.11880544894384,,
"VKM","Vehicle-kilometres","TWOWHEELERS","Two- and three-wheelers","HIGH","High ambition","SSWA","South and Southwest Asia","2025","2025",,,"9","Billions",,,0.18725385807513,,
"VKM","Vehicle-kilometres","TWOWHEELERS","Two- and three-wheelers","HIGH","High ambition","SSWA","South and Southwest Asia","2030","2030",,,"9","Billions",,,0.35109771633464,,
"VKM","Vehicle-kilometres","TWOWHEELERS","Two- and three-wheelers","HIGH","High ambition","SSWA","South and Southwest Asia","2040","2040",,,"9","Billions",,,0.44683970443982,,
"VKM","Vehicle-kilometres","TWOWHEELERS","Two- and three-wheelers","HIGH","High ambition","SSWA","South and Southwest Asia","2050","2050",,,"9","Billions",,,0.49986876648952,,
"VKM","Vehicle-kilometres","CARS","Passenger cars","HIGH","High ambition","SSWA","South and Southwest Asia","2019","2019",,,"9","Billions",,,23.8029188340609,,
"VKM","Vehicle-kilometres","CARS","Passenger cars","HIGH","High ambition","SSWA","South and Southwest Asia","2020","2020",,,"9","Billions",,,30.3236171164247,,
"VKM","Vehicle-kilometres","CARS","Passenger cars","HIGH","High ambition","SSWA","South and Southwest Asia","2022","2022",,,"9","Billions",,,18.803846263719,,
"VKM","Vehicle-kilometres","CARS","Passenger cars","HIGH","High ambition","SSWA","South and Southwest Asia","2025","2025",,,"9","Billions",,,33.0909297627231,,
"VKM","Vehicle-kilometres","CARS","Passenger cars","HIGH","High ambition","SSWA","South and Southwest Asia","2030","2030",,,"9","Billions",,,55.3578259531547,,
"VKM","Vehicle-kilometres","CARS","Passenger cars","HIGH","High ambition","SSWA","South and Southwest Asia","2040","2040",,,"9","Billions",,,73.3776471233332,,
"VKM","Vehicle-kilometres","CARS","Passenger cars","HIGH","High ambition","SSWA","South and Southwest Asia","2050","2050",,,"9","Billions",,,89.3083462833206,,
"VKM","Vehicle-kilometres","BUSES","Buses","HIGH","High ambition","SSWA","South and Southwest Asia","2019","2019",,,"9","Billions",,,9.19973761876976,,
"VKM","Vehicle-kilometres","BUSES","Buses","HIGH","High ambition","SSWA","South and Southwest Asia","2020","2020",,,"9","Billions",,,3.29980096490107,,
"VKM","Vehicle-kilometres","BUSES","Buses","HIGH","High ambition","SSWA","South and Southwest Asia","2022","2022",,,"9","Billions",,,5.59696994439205,,
"VKM","Vehicle-kilometres","BUSES","Buses","HIGH","High ambition","SSWA","South and Southwest Asia","2025","2025",,,"9","Billions",,,8.81688085937083,,
"VKM","Vehicle-kilometres","BUSES","Buses","HIGH","High ambition","SSWA","South and Southwest Asia","2030","2030",,,"9","Billions",,,8.49193562628599,,
"VKM","Vehicle-kilometres","BUSES","Buses","HIGH","High ambition","SSWA","South and Southwest Asia","2040","2040",,,"9","Billions",,,8.8710068515748,,
"VKM","Vehicle-kilometres","BUSES","Buses","HIGH","High ambition","SSWA","South and Southwest Asia","2050","2050",,,"9","Billions",,,9.77191892693499,,
"VKM","Vehicle-kilometres","TWOWHEELERS","Two- and three-wheelers","CURRENT","Current ambition","TAP","Transition economies and other Asia Pacific","2019","2019",,,"9","Billions",,,1.00197784825769,,
"VKM","Vehicle-kilometres","TWOWHEELERS","Two- and three-wheelers","CURRENT","Current ambition","TAP","Transition economies and other Asia Pacific","2020","2020",,,"9","Billions",,,0.89142613251275,,
"VKM","Vehicle-kilometres","TWOWHEELERS","Two- and three-wheelers","CURRENT","Current ambition","TAP","Transition economies and other Asia Pacific","2022","2022",,,"9","Billions",,,0.95832938819436,,
"VKM","Vehicle-kilometres","TWOWHEELERS","Two- and three-wheelers","CURRENT","Current ambition","TAP","Transition economies and other Asia Pacific","2025","2025",,,"9","Billions",,,1.6638261965539,,
"VKM","Vehicle-kilometres","TWOWHEELERS","Two- and three-wheelers","CURRENT","Current ambition","TAP","Transition economies and other Asia Pacific","2030","2030",,,"9","Billions",,,1.78183990236411,,
"VKM","Vehicle-kilometres","TWOWHEELERS","Two- and three-wheelers","CURRENT","Current ambition","TAP","Transition economies and other Asia Pacific","2040","2040",,,"9","Billions",,,1.93165678390704,,
"VKM","Vehicle-kilometres","TWOWHEELERS","Two- and three-wheelers","CURRENT","Current ambition","TAP","Transition economies and other Asia Pacific","2050","2050",,,"9","Billions",,,2.46040326984224,,
"VKM","Vehicle-kilometres","CARS","Passenger cars","CURRENT","Current ambition","TAP","Transition economies and other Asia Pacific","2019","2019",,,"9","Billions",,,36.0039048049473,,
"VKM","Vehicle-kilometres","CARS","Passenger cars","CURRENT","Current ambition","TAP","Transition economies and other Asia Pacific","2020","2020",,,"9","Billions",,,36.2426414354005,,
"VKM","Vehicle-kilometres","CARS","Passenger cars","CURRENT","Current ambition","TAP","Transition economies and other Asia Pacific","2022","2022",,,"9","Billions",,,30.5486753863698,,
"VKM","Vehicle-kilometres","CARS","Passenger cars","CURRENT","Current ambition","TAP","Transition economies and other Asia Pacific","2025","2025",,,"9","Billions",,,54.9729310489955,,
"VKM","Vehicle-kilometres","CARS","Passenger cars","CURRENT","Current ambition","TAP","Transition economies and other Asia Pacific","2030","2030",,,"9","Billions",,,57.9559732810305,,
"VKM","Vehicle-kilometres","CARS","Passenger cars","CURRENT","Current ambition","TAP","Transition economies and other Asia Pacific","2040","2040",,,"9","Billions",,,63.0582811259196,,
"VKM","Vehicle-kilometres","CARS","Passenger cars","CURRENT","Current ambition","TAP","Transition economies and other Asia Pacific","2050","2050",,,"9","Billions",,,80.2805943556804,,
"VKM","Vehicle-kilometres","BUSES","Buses","CURRENT","Current ambition","TAP","Transition economies and other Asia Pacific","2019","2019",,,"9","Billions",,,16.4939428641191,,
"VKM","Vehicle-kilometres","BUSES","Buses","CURRENT","Current ambition","TAP","Transition economies and other Asia Pacific","2020","2020",,,"9","Billions",,,6.21969953234488,,
"VKM","Vehicle-kilometres","BUSES","Buses","CURRENT","Current ambition","TAP","Transition economies and other Asia Pacific","2022","2022",,,"9","Billions",,,8.03083030708775,,
"VKM","Vehicle-kilometres","BUSES","Buses","CURRENT","Current ambition","TAP","Transition economies and other Asia Pacific","2025","2025",,,"9","Billions",,,14.1626013404153,,
"VKM","Vehicle-kilometres","BUSES","Buses","CURRENT","Current ambition","TAP","Transition economies and other Asia Pacific","2030","2030",,,"9","Billions",,,12.9737833962849,,
"VKM","Vehicle-kilometres","BUSES","Buses","CURRENT","Current ambition","TAP","Transition economies and other Asia Pacific","2040","2040",,,"9","Billions",,,12.299425270876,,
"VKM","Vehicle-kilometres","BUSES","Buses","CURRENT","Current ambition","TAP","Transition economies and other Asia Pacific","2050","2050",,,"9","Billions",,,12.3875909855218,,
"VKM","Vehicle-kilometres","TWOWHEELERS","Two- and three-wheelers","HIGH","High ambition","TAP","Transition economies and other Asia Pacific","2019","2019",,,"9","Billions",,,1.00197784758388,,
"VKM","Vehicle-kilometres","TWOWHEELERS","Two- and three-wheelers","HIGH","High ambition","TAP","Transition economies and other Asia Pacific","2020","2020",,,"9","Billions",,,0.89142613235857,,
"VKM","Vehicle-kilometres","TWOWHEELERS","Two- and three-wheelers","HIGH","High ambition","TAP","Transition economies and other Asia Pacific","2022","2022",,,"9","Billions",,,0.95832938915432,,
"VKM","Vehicle-kilometres","TWOWHEELERS","Two- and three-wheelers","HIGH","High ambition","TAP","Transition economies and other Asia Pacific","2025","2025",,,"9","Billions",,,1.60565350473763,,
"VKM","Vehicle-kilometres","TWOWHEELERS","Two- and three-wheelers","HIGH","High ambition","TAP","Transition economies and other Asia Pacific","2030","2030",,,"9","Billions",,,1.72135639645134,,
"VKM","Vehicle-kilometres","TWOWHEELERS","Two- and three-wheelers","HIGH","High ambition","TAP","Transition economies and other Asia Pacific","2040","2040",,,"9","Billions",,,1.98826561957924,,
"VKM","Vehicle-kilometres","TWOWHEELERS","Two- and three-wheelers","HIGH","High ambition","TAP","Transition economies and other Asia Pacific","2050","2050",,,"9","Billions",,,2.58317187880602,,
"VKM","Vehicle-kilometres","CARS","Passenger cars","HIGH","High ambition","TAP","Transition economies and other Asia Pacific","2019","2019",,,"9","Billions",,,36.0039047814196,,
"VKM","Vehicle-kilometres","CARS","Passenger cars","HIGH","High ambition","TAP","Transition economies and other Asia Pacific","2020","2020",,,"9","Billions",,,36.2426414312925,,
"VKM","Vehicle-kilometres","CARS","Passenger cars","HIGH","High ambition","TAP","Transition economies and other Asia Pacific","2022","2022",,,"9","Billions",,,30.5486752738366,,
"VKM","Vehicle-kilometres","CARS","Passenger cars","HIGH","High ambition","TAP","Transition economies and other Asia Pacific","2025","2025",,,"9","Billions",,,53.8394628559648,,
"VKM","Vehicle-kilometres","CARS","Passenger cars","HIGH","High ambition","TAP","Transition economies and other Asia Pacific","2030","2030",,,"9","Billions",,,56.9265221820789,,
"VKM","Vehicle-kilometres","CARS","Passenger cars","HIGH","High ambition","TAP","Transition economies and other Asia Pacific","2040","2040",,,"9","Billions",,,66.3391662571956,,
"VKM","Vehicle-kilometres","CARS","Passenger cars","HIGH","High ambition","TAP","Transition economies and other Asia Pacific","2050","2050",,,"9","Billions",,,85.5756098299093,,
"VKM","Vehicle-kilometres","BUSES","Buses","HIGH","High ambition","TAP","Transition economies and other Asia Pacific","2019","2019",,,"9","Billions",,,16.4939428707488,,
"VKM","Vehicle-kilometres","BUSES","Buses","HIGH","High ambition","TAP","Transition economies and other Asia Pacific","2020","2020",,,"9","Billions",,,6.21969952629297,,
"VKM","Vehicle-kilometres","BUSES","Buses","HIGH","High ambition","TAP","Transition economies and other Asia Pacific","2022","2022",,,"9","Billions",,,8.03083026969279,,
"VKM","Vehicle-kilometres","BUSES","Buses","HIGH","High ambition","TAP","Transition economies and other Asia Pacific","2025","2025",,,"9","Billions",,,12.342332489827,,
"VKM","Vehicle-kilometres","BUSES","Buses","HIGH","High ambition","TAP","Transition economies and other Asia Pacific","2030","2030",,,"9","Billions",,,11.17141322981,,
"VKM","Vehicle-kilometres","BUSES","Buses","HIGH","High ambition","TAP","Transition economies and other Asia Pacific","2040","2040",,,"9","Billions",,,10.0213005452386,,
"VKM","Vehicle-kilometres","BUSES","Buses","HIGH","High ambition","TAP","Transition economies and other Asia Pacific","2050","2050",,,"9","Billions",,,9.53845721619824,,
"VKM","Vehicle-kilometres","TWOWHEELERS","Two- and three-wheelers","CURRENT","Current ambition","UCAN","United States of America, Canada, Australia and New Zealand","2019","2019",,,"9","Billions",,,14.8596049408571,,
"VKM","Vehicle-kilometres","TWOWHEELERS","Two- and three-wheelers","CURRENT","Current ambition","UCAN","United States of America, Canada, Australia and New Zealand","2020","2020",,,"9","Billions",,,15.1323309120217,,
"VKM","Vehicle-kilometres","TWOWHEELERS","Two- and three-wheelers","CURRENT","Current ambition","UCAN","United States of America, Canada, Australia and New Zealand","2022","2022",,,"9","Billions",,,11.3313903189047,,
"VKM","Vehicle-kilometres","TWOWHEELERS","Two- and three-wheelers","CURRENT","Current ambition","UCAN","United States of America, Canada, Australia and New Zealand","2025","2025",,,"9","Billions",,,18.2369368491891,,
"VKM","Vehicle-kilometres","TWOWHEELERS","Two- and three-wheelers","CURRENT","Current ambition","UCAN","United States of America, Canada, Australia and New Zealand","2030","2030",,,"9","Billions",,,19.9909374203061,,
"VKM","Vehicle-kilometres","TWOWHEELERS","Two- and three-wheelers","CURRENT","Current ambition","UCAN","United States of America, Canada, Australia and New Zealand","2040","2040",,,"9","Billions",,,27.7719782214962,,
"VKM","Vehicle-kilometres","TWOWHEELERS","Two- and three-wheelers","CURRENT","Current ambition","UCAN","United States of America, Canada, Australia and New Zealand","2050","2050",,,"9","Billions",,,36.641733495348,,
"VKM","Vehicle-kilometres","CARS","Passenger cars","CURRENT","Current ambition","UCAN","United States of America, Canada, Australia and New Zealand","2019","2019",,,"9","Billions",,,795.30393475297,,
"VKM","Vehicle-kilometres","CARS","Passenger cars","CURRENT","Current ambition","UCAN","United States of America, Canada, Australia and New Zealand","2020","2020",,,"9","Billions",,,811.545764044576,,
"VKM","Vehicle-kilometres","CARS","Passenger cars","CURRENT","Current ambition","UCAN","United States of America, Canada, Australia and New Zealand","2022","2022",,,"9","Billions",,,607.035243681661,,
"VKM","Vehicle-kilometres","CARS","Passenger cars","CURRENT","Current ambition","UCAN","United States of America, Canada, Australia and New Zealand","2025","2025",,,"9","Billions",,,976.718788693033,,
"VKM","Vehicle-kilometres","CARS","Passenger cars","CURRENT","Current ambition","UCAN","United States of America, Canada, Australia and New Zealand","2030","2030",,,"9","Billions",,,1070.3956656036,,
"VKM","Vehicle-kilometres","CARS","Passenger cars","CURRENT","Current ambition","UCAN","United States of America, Canada, Australia and New Zealand","2040","2040",,,"9","Billions",,,1485.18518549372,,
"VKM","Vehicle-kilometres","CARS","Passenger cars","CURRENT","Current ambition","UCAN","United States of America, Canada, Australia and New Zealand","2050","2050",,,"9","Billions",,,1958.70809500843,,
"VKM","Vehicle-kilometres","BUSES","Buses","CURRENT","Current ambition","UCAN","United States of America, Canada, Australia and New Zealand","2019","2019",,,"9","Billions",,,70.0508806016053,,
"VKM","Vehicle-kilometres","BUSES","Buses","CURRENT","Current ambition","UCAN","United States of America, Canada, Australia and New Zealand","2020","2020",,,"9","Billions",,,14.3617852376227,,
"VKM","Vehicle-kilometres","BUSES","Buses","CURRENT","Current ambition","UCAN","United States of America, Canada, Australia and New Zealand","2022","2022",,,"9","Billions",,,47.8318665501475,,
"VKM","Vehicle-kilometres","BUSES","Buses","CURRENT","Current ambition","UCAN","United States of America, Canada, Australia and New Zealand","2025","2025",,,"9","Billions",,,73.4453367219526,,
"VKM","Vehicle-kilometres","BUSES","Buses","CURRENT","Current ambition","UCAN","United States of America, Canada, Australia and New Zealand","2030","2030",,,"9","Billions",,,81.5751061040345,,
"VKM","Vehicle-kilometres","BUSES","Buses","CURRENT","Current ambition","UCAN","United States of America, Canada, Australia and New Zealand","2040","2040",,,"9","Billions",,,124.415493704771,,
"VKM","Vehicle-kilometres","BUSES","Buses","CURRENT","Current ambition","UCAN","United States of America, Canada, Australia and New Zealand","2050","2050",,,"9","Billions",,,189.809357364471,,
"VKM","Vehicle-kilometres","TWOWHEELERS","Two- and three-wheelers","HIGH","High ambition","UCAN","United States of America, Canada, Australia and New Zealand","2019","2019",,,"9","Billions",,,14.8596049603146,,
"VKM","Vehicle-kilometres","TWOWHEELERS","Two- and three-wheelers","HIGH","High ambition","UCAN","United States of America, Canada, Australia and New Zealand","2020","2020",,,"9","Billions",,,15.1323309269362,,
"VKM","Vehicle-kilometres","TWOWHEELERS","Two- and three-wheelers","HIGH","High ambition","UCAN","United States of America, Canada, Australia and New Zealand","2022","2022",,,"9","Billions",,,11.331390314731,,
"VKM","Vehicle-kilometres","TWOWHEELERS","Two- and three-wheelers","HIGH","High ambition","UCAN","United States of America, Canada, Australia and New Zealand","2025","2025",,,"9","Billions",,,18.4010232692015,,
"VKM","Vehicle-kilometres","TWOWHEELERS","Two- and three-wheelers","HIGH","High ambition","UCAN","United States of America, Canada, Australia and New Zealand","2030","2030",,,"9","Billions",,,20.5529855053468,,
"VKM","Vehicle-kilometres","TWOWHEELERS","Two- and three-wheelers","HIGH","High ambition","UCAN","United States of America, Canada, Australia and New Zealand","2040","2040",,,"9","Billions",,,27.7274291919799,,
"VKM","Vehicle-kilometres","TWOWHEELERS","Two- and three-wheelers","HIGH","High ambition","UCAN","United States of America, Canada, Australia and New Zealand","2050","2050",,,"9","Billions",,,32.1890407337736,,
"VKM","Vehicle-kilometres","CARS","Passenger cars","HIGH","High ambition","UCAN","United States of America, Canada, Australia and New Zealand","2019","2019",,,"9","Billions",,,795.303935334127,,
"VKM","Vehicle-kilometres","CARS","Passenger cars","HIGH","High ambition","UCAN","United States of America, Canada, Australia and New Zealand","2020","2020",,,"9","Billions",,,811.545764804381,,
"VKM","Vehicle-kilometres","CARS","Passenger cars","HIGH","High ambition","UCAN","United States of America, Canada, Australia and New Zealand","2022","2022",,,"9","Billions",,,607.035247041948,,
"VKM","Vehicle-kilometres","CARS","Passenger cars","HIGH","High ambition","UCAN","United States of America, Canada, Australia and New Zealand","2025","2025",,,"9","Billions",,,985.237807968033,,
"VKM","Vehicle-kilometres","CARS","Passenger cars","HIGH","High ambition","UCAN","United States of America, Canada, Australia and New Zealand","2030","2030",,,"9","Billions",,,1093.34733979685,,
"VKM","Vehicle-kilometres","CARS","Passenger cars","HIGH","High ambition","UCAN","United States of America, Canada, Australia and New Zealand","2040","2040",,,"9","Billions",,,1475.28322899155,,
"VKM","Vehicle-kilometres","CARS","Passenger cars","HIGH","High ambition","UCAN","United States of America, Canada, Australia and New Zealand","2050","2050",,,"9","Billions",,,1715.3097151382,,
"VKM","Vehicle-kilometres","BUSES","Buses","HIGH","High ambition","UCAN","United States of America, Canada, Australia and New Zealand","2019","2019",,,"9","Billions",,,70.0508806072354,,
"VKM","Vehicle-kilometres","BUSES","Buses","HIGH","High ambition","UCAN","United States of America, Canada, Australia and New Zealand","2020","2020",,,"9","Billions",,,14.361785252176,,
"VKM","Vehicle-kilometres","BUSES","Buses","HIGH","High ambition","UCAN","United States of America, Canada, Australia and New Zealand","2022","2022",,,"9","Billions",,,47.8318660159202,,
"VKM","Vehicle-kilometres","BUSES","Buses","HIGH","High ambition","UCAN","United States of America, Canada, Australia and New Zealand","2025","2025",,,"9","Billions",,,75.573540857176,,
"VKM","Vehicle-kilometres","BUSES","Buses","HIGH","High ambition","UCAN","United States of America, Canada, Australia and New Zealand","2030","2030",,,"9","Billions",,,84.013285376659,,
"VKM","Vehicle-kilometres","BUSES","Buses","HIGH","High ambition","UCAN","United States of America, Canada, Australia and New Zealand","2040","2040",,,"9","Billions",,,133.063049946439,,
"VKM","Vehicle-kilometres","BUSES","Buses","HIGH","High ambition","UCAN","United States of America, Canada, Australia and New Zealand","2050","2050",,,"9","Billions",,,230.139525664089,,
